{
  "seed": 42,
  "memory_tasks": 3000,
  "train_query_tasks": 1200,
  "train_pairs": 12000,
  "eval_tasks": 300,
  "rollouts_per_task": 100,
  "total_rollouts_per_system": 30000,
  "training_report": {
    "train_accuracy": 1.0,
    "train_auc": 1.0,
    "positive_pairs": 6000,
    "negative_pairs": 6000,
    "weights": {
      "wl_kernel": 1.393056445202439,
      "semantic_cosine": 2.04111476813,
      "same_category": 0.887240484425011,
      "same_object_family": -0.12093082683309299,
      "same_target_family": 4.024958115432724,
      "same_relation": 0.3082713942527081,
      "same_risk_type": 2.345176574851202,
      "same_strategy": 2.345176574851202,
      "target_label_cosine": 1.8765726161790053,
      "object_label_cosine": -0.17240107463112306,
      "success_cost_similarity": 0.593566037905248
    },
    "intercept": -4.715505684297849
  },
  "evaluation": {
    "baseline_expected_success": 0.5892333333333334,
    "graph_memory_expected_success": 0.8685666666666666,
    "oracle_memory_expected_success": 0.8685666666666666,
    "baseline_success_rate": 0.5884,
    "graph_memory_success_rate": 0.8709333333333333,
    "oracle_memory_success_rate": 0.8709333333333333,
    "absolute_improvement": 0.2825333333333333,
    "relative_improvement": 0.48017221844550184,
    "top1_reusable_rate": 1.0,
    "eval_tasks": 300,
    "rollouts_per_task": 100,
    "total_rollouts_per_system": 30000
  }
}